URL,Scraped Content
https://investors.canoo.com/,
https://en.wikipedia.org/wiki/Canoo,
https://www.press.canoo.com/press-release/mpdv,
https://www.canoo.com/about/,
https://www.press.canoo.com/press-release/zeeba,
https://investors.canoo.com/sec-filings/all-sec-filings/content/0001628280-22-004514/goev-20211231.htm,
https://corporate.walmart.com/news/2022/07/12/walmart-to-purchase-4-500-canoo-electric-delivery-vehicles-to-be-used-for-last-mile-deliveries-in-support-of-its-growing-ecommerce-business,
https://29b2eb86d7.clvaw-cdnwnd.com/18b93d4bb4f77ddec8c75f8adc4f29dc/200001185-d3b5ed3b61/Internship_Assignment_Coding2024.pdf%3Fph%3D29b2eb86d7,
https://www.press.canoo.com/press-release/merger-announcement,
https://www.industryweek.com/leadership/companies-executives/article/21263239/canoo-sticks-to-2023-production-target,
https://www.quora.com/Is-Canoo-GOEV-stock-undervalued,
https://investors.canoo.com/news-presentations/press-releases/detail/121/canoo-acquires-manufacturing-assets-to-increase-vehicle,
https://finance.yahoo.com/quote/GOEV/,
https://investors.canoo.com/company-information/management-team,
https://investors.canoo.com/sec-filings/all-sec-filings/content/0001628280-23-009932/goev-20221231.htm,
https://www.nrc.gov/docs/ML0907/ML090710600.pdf,
https://nujesertes.online/xeulspdsqd,
https://www.sec.gov/Archives/edgar/data/1750153/000121390020039415/fs42020a2_hennessycapacqiv.htm,
https://www.sciencedirect.com/science/article/pii/S1755008421000600,
https://www.ofcom.org.uk/__data/assets/pdf_file/0016/242701/media-nations-report-2022.pdf,
https://www.chicagofed.org/publications/economic-perspectives/2022/5,
https://labour.gov.in/sites/default/files/National%2520Classification%2520of%2520Occupations_Vol%2520II-B-%25202015.pdf,
https://www.sec.gov/Archives/edgar/data/1750153/000121390021001996/fs12021_canooinc.htm,
https://mofa.gov.np/about-nepal/tourism-in-nepal/,
https://cfpub.epa.gov/watertrain/pdf/modules/monitoring.pdf,
https://www.bahamas.gov.bs/wps/wcm/connect/e1d636dd-1a9b-4661-9e38-ba9bf546a534/FINAL%2BBahamas%2BFisheries%2B%2526%2BAquaculture%2BSector%2BReview%2B17Nov16.pdf%3FMOD%3DAJPERES,
https://dfsdfc.online/hduonezitu,
https://www.sec.gov/Archives/edgar/data/1750153/000121390023011578/ea173431ex99-1_canooinc.htm,
https://bouldercolorado.gov/ko/media/1265/download%3Finline,
https://harjeskdi.online/hbszftbsct,
https://haciekvfvo.online/hfuvfmyxof,
https://alparslanduk.online/ddzawhtwra,
https://neskfkgd.online/gbqmpgemyz,
https://nresixccvi.online/zzixntymwk,
https://nejskfi.online/nvcxmudryb,
https://cmertesic.online/nfeoitoavy,
https://dfsdfc.online/hduonezitu,
https://nesicxic.online/ivvluhdnro,
https://www.northportfl.gov/files/assets/main/v/3/building-amp-planning/complete-volume-ii-amended-2-9-23.pdf,
https://nejskfi.online/dfoxzbmzka,
https://repository.library.noaa.gov/view/noaa/8701/noaa_8701_DS1.pdf,
https://harkestio.online/eqerhigjor,
https://www.dextermi.gov/Boards_Commissions/DDA/2018/Packets/2018-04-19_dda_packet_(1).pdf,
https://www.vil.oregon.wi.us/vertical/sites/%257B3631401E-89E6-4B18-B72B-25DC241CC205%257D/uploads/2023_Village_of_Oregon_Comprehensive_Plan_-_Adopted_12.18.2023.pdf,
https://jfkdvipo.online/rbdqjhkzhd,
https://spedskfi.online/cwffocxjay,
https://haciekvfvo.online/qwcgzhbavj,
https://cmertesic.online/emggyzzoye,
https://bospfb.online/ayugjnzxjr,
https://namkoeksu.online/qdilafxjmf,
https://cvbcvbfo.online/lpjtrultyb,
https://nurkescvi.online/ajtlfazvno,
https://www.fao.org/fishery/en/facp/GHA,
https://www.fao.org/fishery/en/facp/GHA,
